Código Región,Nombre Región,Código Municipio,Nombre Municipio,Código Habilitación Prestador Salud,Razón Social Organización,Nombre Sede,Número NIT,Dirección,Número Teléfono,Dirección Correo Electrónico,Punto
7,Oriente,5002,Abejorral,50020436001,E.S.E HOSPITAL SAN JUAN DE DIOS DE ABEJORRAL,HOSPITAL SAN JUAN DE DIOS ABEJORRAL,"890,980,643",CL Circular X Kr Calibio,5748647181,abejhs01@gmail.com,"(5.788458, -75.426663)"
6,Occidente,5004,Abriaquí,50040588001,ESE HOSPITAL NUEVO HORIZONTE,ESE HOSPITAL NUEVO HORIZONTE,"811,032,722",CL 9A # 12-59,3104323014,ese@abriaqui-antioquia.gov.co,"(6.632296, -76.067405)"
7,Oriente,5021,Alejandría,50210509801,ESE HOSPITAL PBRO LUIS FELIPE ARBELAEZ,ESE HOSPITAL PBRO LUIS FELIPE ARBELAEZ,"800,029,509",KR 19 # 16-70,5748660077,hospitalalejandria@gmail.com,"(6.373932, -75.140366)"
8,Suroeste,5030,Amaga,50300437401,E.S.E. HOSPITAL SAN FERNANDO,E.S.E. HOSPITAL SAN FERNANDO,"890,906,346",Cra 51 No 52 81,5748300353,hospital@eseamaga-antioquia.gov.co,"(6.040678, -75.704572)"
4,Nordeste,5031,Amalfi,50310209101,E.S.E HOSPITAL EL CARMEN,E.S.E HOSPITAL EL CARMEN,"890,982,101",CL 23 # 23 - 40,5748301803,gerencia@hospitalelcarmen-amalfi-antioquia.gov.co,"(6.910925, -75.077171)"
8,Suroeste,5034,Andes,50340443201,E.S.E. HOSPITAL SAN RAFAEL,E.S.E. HOSPITAL SAN RAFAEL,"890,980,814",AV MEDELLIN # 48-20,5748414343,gestiondocumental@hospitaldeandes.gov.co,"(5.653782, -75.877633)"
8,Suroeste,5036,Angelópolis,50360510801,NUEVA EMPRESA SOCIAL DEL ESTADO HOSPITAL LA MISERICORDIA,NUEVA E.S.E HOSPITAL LA MISERICORDIA,"890,980,959",CL 8 # 7-108,5748421146,archivodocumental.es@eselamisericordia-angelopolis-antioquia.gov.co,"(6.111182, -75.708992)"
5,Norte,5038,Angostura,50380153801,E.S.E. EMPRESA SOCIAL DEL ESTADO HOSPITAL SAN RAFAEL DE  ANGOSTURA,E.S.E. EMPRESA SOCIAL DEL ESTADO HOSPITAL SAN RAFAEL,"890,982,183",Kr 10 # 16-1,5748645099,ANGOHS01@EDATEL.NET.CO,"(6.887402, -75.334797)"
4,Nordeste,5040,Anorí,50400326101,ESE HOSPITAL SAN JUAN DE DIOS DE ANORI,ESE HOSPITAL SAN JUAN DE DIOS DE ANORI,"890,982,138",CL ZEA (CALLE 30 CON CARRERA 29),5748350803,anorhs@hospitalanori.gov.co,"(7.072657, -75.145669)"
6,Occidente,5044,Anzá,50440501401,E.S.E. HOSPITAL SAN FRANCISCO DE ASIS,E.S.E. HOSPITAL SAN FRANCISCO DE ASIS,"890,397,282",KR 8 # 7-29,5748522029,hospitalanza@hospitalanza.gov.co; gerencia@hospitalanza-antioquia.gov.co,"(6.302545, -75.852356)"
9,Urabá,5045,Apartadó,50450214301,EMPRESA SOCIAL DEL ESTADO HOSPITAL ANTONIO ROLDAN BETANCUR,EMPRESA SOCIAL DEL ESTADO HOSPITAL ANTONIO ROLDAN BETANCUR,"890,905,991",KR 98 # 106-176 BARRIO LA CHINITA,5748283105,apartah01@edatel.net.co,"(7.887654, -76.628555)"
9,Urabá,5051,Arboletes,50510232301,E.S.E. HOSPITAL PEDRO NEL CARDONA,E.S.E. HOSPITAL PEDRO NEL CARMONA,"890,982,134",BARRIO EL DEPORTIVO,948200026,secretaria@esehpncarboletes-antioquia.gov.co,"(8.851489, -76.421499)"
7,Oriente,5055,Argelia,50550547901,EMPRESA SOCIAL DEL ESTADO HOSPITAL SAN JULIAN,EMPRESA SOCIAL DEL ESTADO HOSPITAL SAN JULIAN,"890,981,851",CL 31 # 32-14,8650000 - 3146182345,gerencia@hospitalsanjulian.gov.co,"(5.731866, -75.144671)"
6,Occidente,5059,Armenia,50590550601,EMPRES SOCIAL DEL ESTADO HOSPITAL SAN MARTIN DE PORRES,EMPRES SOCIAL DEL ESTADO HOSPITAL SAN MARTIN DE PORRES,"890,982,153",CL 11 # 6-69,5748559352,hsmpgerencia@gmail.com,"(6.159244, -75.785966)"
1,Valle de Aburrá,5079,Barbosa,50790407701,ESE HOSPITAL SAN VICENTE DE PAUL,ESE HOSPITAL SAN VICENTE DE PAUL,"890,905,193",KR 17 # 10 - 34,5744061341,esebarbosa@une.net.co,"(6.43651, -75.333209)"
1,Valle de Aburrá,5088,Bello,50880561801,E.S.E. HOSPITAL MARCO FIDEL SUAREZ,EMPRESA SOCIAL DEL ESTADO HOSPITAL MARCO FIDEL SUAREZ,"890,985,703",CL 44 # 49B-90,4547510,gerencia@hmfs.gov.co,"(6.330313, -75.557731)"
1,Valle de Aburrá,5088,Bello,50880473401,"E.S.E. HOSPITAL MENTAL DE ANTIOQUIA ""MARÍA UPEGUI - HOMO""","E.S.E. HOSPITAL MENTAL DE ANTIOQUIA ""MARÍA UPEGUI - HOMO""","890,905,166",CL 38 # 55-310,4448330,gerencia@homo.gov.co,"(6.324341, -75.564802)"
1,Valle de Aburrá,5088,Bello,50880490901,EMPRESA SOCIAL DEL ESTADO BELLO SALUD,EMPRESA SOCIAL DEL ESTADO BELLO SALUD,"800,174,995",CL 54 # 56A-11,4482030,gestiondocumental@esebellosalud.gov.co,"(6.339078, -75.56404)"
5,Norte,5086,Belmira,50860550701,EMPRESA SOCIAL DEL ESTADO HOSPITAL NUESTRA SEÑORA DEL ROSARIO,EMPRESA SOCIAL DEL ESTADO HOSPITAL NUESTRA SEÑORA DEL ROSARIO,"890,982,065",KR 19# 19 93,5748674147,gerencia@esehospital-belmira-antioquia.gov.co,"(6.607103, -75.666736)"
8,Suroeste,5091,Betania,50910457201,E.S.E. HOSPITAL SAN ANTONIO DE BETANIA,E.S.E. HOSPITAL SAN ANTONIO DE BETANIA,"890,981,494",CL 20 # 26-173,548435050,betahs01@gmail.com,"(5.748156, -75.980673)"
8,Suroeste,5093,Betulia,50930237101,E.S.E. HOSPITAL GERMAN VELEZ GUTIERREZ,E.S.E. HOSPITAL GERMAN VELEZ GUTIERREZ,"890,982,116",CL 21 # 15 - 20 SALIDA A MEDELLIN,604 843 60 85,hospital@esebetulia-antioquia.gov.co,"(6.113337, -75.984712)"
5,Norte,5107,Briceño,51070231101,EMPRESA SOCIAL DEL ESTADO HOSPITAL EL SAGRADO CORAZON,ESE HOSPITAL EL SAGRADO CORAZON,"800,044,320",CL 11 # 8-31,5748570099,brichs01@edatel.net.co,"(7.113115, -75.551047)"
6,Occidente,5113,Buriticá,51130559601,E.S.E. HOSPITAL SAN ANTONIO DE BURITICA,E.S.E. HOSPITAL SAN ANTONIO DE BURITICA,"890,983,843",CL 8 # 3-56,948527035,hsaburitica@gmail.com,"(6.719975, -75.907202)"
2,Bajo Cauca,5120,Cáceres,51200554701,EMPRESA SOCIAL DEL ESTADO HOSPITAL ISABEL LA CATOLICA,EMPRESA SOCIAL DEL ESTADO HOSPITAL ISABEL LA CATOLICA,"890,982,430",KR 50 # 52-48,5748362039,hospitalcaceres@gmail.com,"(7.581577, -75.347834)"
6,Occidente,5125,Caicedo,51250831301,E.S.E. HOSPITAL GUILLERMO GAVIRIA CORREA,E.S.E. HOSPITAL GUILLERMO GAVIRIA CORREA,"800,037,244",KR 5 # 3-23,5748572123,gerencia@hospitalcaicedo.gov.co,"(6.404312, -75.982647)"
1,Valle de Aburrá,5129,Caldas,51290214601,E.S.E.  HOSPITAL SAN VICENTE DE PAUL DE CALDAS,E.S.E. HOSPITAL SAN VICENTE DE PAUL DE CALDAS,"890,907,215",KR 48 # 135S-41,094- 3786301,hospicaldas@esehospicaldas.gov.co,"(6.08673, -75.634566)"
5,Norte,5134,Campamento,51340593001,E.S.E. HOSPITAL LA SAGRADA FAMILIA,E.S.E. HOSPITAL LA SAGRADA FAMILIA,"890,985,457",CL BOLIVAR # 15-07,094-8614112,hospitalcampamento@hotmail.com,"(6.979421, -75.299327)"
6,Occidente,5138,Cañasgordas,51380491401,E.S.E. HOSPITAL SAN CARLOS,E.S.E. HOSPITAL SAN CARLOS,"890,980,784",KR 31 # 33-140,5748564181,canahs01@edatel.net.co,"(6.750362, -76.02582)"
3,Magdalena Medio,5142,Caracolí,51420410301,HOSPITAL SAN PIO X,HOSPITAL SAN PIO X,"890,981,266",CL 21# 20-32,5748336014,gerencia@esesanpioxcaracoli.gov.co,"(6.411135, -74.754925)"
8,Suroeste,5145,Caramanta,51450158501,E.S.E. HOSPITAL SAN ANTONIO,E.S.E. HOSPITAL SAN ANTONIO,"890,981,163",KR 21 BOLIVAR # 16-33,3128337704,gerenciaesecaramanta@hotmail.com,"(5.545532, -75.644077)"
9,Urabá,5147,Carepa,51470631101,EMPRESA SOCIAL DEL ESTADO HOSPITAL FRANCISCO LUIS JIMENEZ MARTINEZ,E.S.E HOSPITAL FRANCISCO LUIS JIMENEZ MARTINEZ,"800,227,877",CL 70  # 68 - 03,5748236548,gestiondocumental@hospitaldecarepa.gov.co,"(7.750753, -76.65483)"
5,Norte,5150,Carolina,51500458401,EMPRESA SOCIAL DEL ESTADO HOSPITAL SAN RAFAEL,EMPRESA SOCIAL DEL ESTADO HOSPITAL SAN RAFAEL,"890,906,344",CL 52 B # 54-70,5748634045,carohs01@edatel.net.co,"(6.723214, -75.280809)"
2,Bajo Cauca,5154,Caucasia,51540220101,E.S.E. HOSPITAL CESAR URIBE PIEDARHITA,HOSPITAL CESAR URIBE PIEDARHITA,"890,980,757",Carrera 20 # 1A-100 Barrio El Man,3201212,gerencia@hcup.gov.co,"(7.995211, -75.19809)"
9,Urabá,5172,Chigorodó,51720630501,EMPRESA SOCIAL DEL ESTADO HOSPITAL MARIA AUXILIADORA,EMPRESA SOCIAL DEL ESTADO HOSPITAL MARIA AUXILIADORA,"890,980,997",KR 108 # 101 A - 57,5748253191,admin@hospitalma.gov.co,"(7.672513, -76.687805)"
4,Nordeste,5190,Cisneros,51900559201,EMPRESA SOCIAL DEL ESTADO HOSPITAL SAN ANTONIO,E.S.E HOSPITAL SAN ANTONIO,"890,980,444",CL 18 # 17-105,8631847,gerencia@esesanantonio-cisneros-antioquia.gov.co,"(6.537253, -75.088447)"
8,Suroeste,5101,Ciudad Bolívar,51010213901,E.S.E. HOSPITAL LA MERCED DE CIUDAD BOLIVAR,E.S.E. HOSPITAL LA MERCED,"890,907,241",CL 49 # 36-298,8411182,gerencia@hlamerced.gov.co,"(5.846031, -76.007988)"
7,Oriente,5197,Cocorná,51970559301,ESE HOSPITAL SAN JUAN DE DIOS DE COCORNA,ESE HOSPITAL SAN JUAN DE DIOS,"890,981,108",CL 21 # 23-45,5748343685,gerencia@hospitaldecocorna.com,"(6.057621, -75.186546)"
7,Oriente,5206,Concepción,52060478001,ESE HOSPITAL JOSE MARIA CORDOBA,ESE HOSPITAL JOSE MARIA CORDOBA,"890,980,512",KR 19 # 19-83,5748567024,administrador@esehospitaljosemariacordobaconcepcionantioquia.gov.co,"(6.041964, -74.992971)"
8,Suroeste,5209,Concordia,52090581901,E.S.E. HOSPITAL SAN JUAN DE DIOS DE CONCORDIA,E.S.E. HOSPITAL SAN JUAN DE DIOS,"89,090,797",KR 18 # 16-05,844 77 24,hospitaldeconcordia@hospital-concordia.gov.co,"(6.045373, -75.904713)"
1,Valle de Aburrá,5212,Copacabana,52120230801,E.S.E. HOSPITAL SANTA MARGARITA,E.S.E. HOSPITAL SANTA MARGARITA,"890,980,949",KR 64 Nº 48-80 La misericordia,4802390 ext 176,gerencia@santamargarita.gov.co,"(6.349485, -75.505182)"
6,Occidente,5234,Dabeiba,52340231401,EMPRESA SOCIAL DEL ESTADO HOSPITAL NUESTRA SEÑORA DEL PERPETUO SOCORRO,E.S.E HOSPITAL NUESTRA SEÑORA DEL PERPETUO SOCORRO,"890,984,670",KR URIBE URIBE # 622,5748590045,gerencia@hospitaldabeiba.gov.co,"(6.997737, -76.261725)"
5,Norte,5237,Don Matias,52370594801,E.S.E. HOSPITAL FRANCISCO ELADIO BARRERA,E.S.E. HOSPITAL FRANCISCO ELADIO BARRERA,"890,905,097",CL 36A # 29-55,5748663737,gerencia@hospitaldonmatias.gov.co,"(6.489024, -75.395705)"
6,Occidente,5240,Ebéjico,52400374401,EMPRESA SOCIAL DEL ESTADO  HOSPITAL SAN RAFAEL,EMPRESA SOCIAL DEL ESTADO HOSPITAL SAN RAFAEL,"890,982,370",BRR VEREDA FATIMA,5748562681,hospebejico@gmail.com,"(6.325962, -75.767641)"
2,Bajo Cauca,5250,El bagre,52500213301,EMPRESA SOCIAL DEL ESTADO HOSPITAL NUESTRA SEÑORA DEL CARMEN,ESE HOSPITAL NUESTRA SEÑORA DEL CARMEN,"800,138,311",CL 50 # 46D-37,5748372381,bagrhs01@edatel.net.co,"(7.590835, -74.809856)"
7,Oriente,5148,El Carmen de Viboral,51480431001,E.S.E. HOSPITAL SAN JUAN DE DIOS DEL CARMEN DE VIBORAL,E.S.E. HOSPITAL SAN JUAN DE DIOS,"890,907,279",KR 31 # 19-58,5745434343,gerencia@hospitalcarmenv.gov.co,"(6.075086, -75.331621)"
7,Oriente,5541,El Peñol,55410197901,EMPRESA SOCIAL DEL ESTADO HOSPITAL SAN JUAN DE DIOS,E.S.E HOSPITAL SAN JUAN DE DIOS,"890,980,486",TV 7A # 11-84,5748515750,gerencia@esesanjuandedios-penol-antioquia.gov.co,"(6.216002, -75.238819)"
7,Oriente,5607,El Retiro,56070238301,E.S.E. HOSPITAL SAN JUAN DE DIOS DEL RETIRO,E.S.E. HOSPITAL SAN JUAN DE DIOS DEL RETIRO,"890,982,124",CL 18 # 21-103,5745410055,eseretiro@epm.net.co,"(6.05621, -75.503709)"
7,Oriente,5697,El Santuario,56970242701,E.S.E. HOSPITAL SAN JUAN DE DIOS EL SANTUARIO,E.S.E. HOSPITAL SAN JUAN DE DIOS EL SANTUARIO,"890,980,326",CL 49 # 41-63,5745460050,cadsant@hospitalelsantuario.gov.co,"(6.136576, -75.261921)"
5,Norte,5264,Entrerrios,52640230901,ESE HOSPITAL PRESBITERO EMIGDIO PALACIO,ESE HOSPITAL PRESBITERO EMIGDIO PALACIO,"890,984,779",TRANSVERSAL 13 CALLE 2-17,5748670051,entrhs01@edatel.net.co,"(6.567066, -75.517965)"
1,Valle de Aburrá,5266,Envigado,52660491001,E.S.E. HOSPITAL MANUEL URIBE ANGEL,ESE HOSPITAL MANUEL URIBE ANGEL,"890,906,347",DG 31 # 36 A SUR - 80,5742703511,radicacion@hospitalmua.gov.co,"(6.166892, -75.580128)"
8,Suroeste,5282,Fredonia,52820217101,E.S.E. HOSPITAL DE SANTA LUCIA,E.S.E. HOSPITAL SANTA LUCIA,"890,980,181",CL 69 # 50-220 VEREDA EL EDEN,5748401101,esefredonia@gmail.com,"(5.932994, -75.679965)"
6,Occidente,5284,Frontino,52840217001,EMPRESA SOCIAL DEL ESTADO HOSPITAL MARIA ANTONIA TORO DE ELEJALDE,EMPRESA SOCIAL DEL ESTADO HOSPITAL MARIA ANTONIA TORO DE ELEJALDE,"890,906,991",KR 27 # 31 - 38,5748595050,gerencia@hospitalfrontino.gov.co,"(6.780833, -76.126499)"
6,Occidente,5306,Giraldo,53060447701,E.S.E. HOSPITAL SAN ISIDRO,E.S.E. HOSPITAL SAN ISIDRO,"800,193,392",CALLE SANTANDER,3146494249 - 8571325,esehospitalsanisidro@gmail.com,"(6.681158, -75.953248)"
1,Valle de Aburrá,5308,Girardota,53080610401,E.S.E. HOSPITAL SAN RAFAEL,E.S.E. HOSPITAL SAN RAFAEL,"890,980,727",KR 16 # 11-01,0514052440 ext:115 102 113,laboratoriohsrg@gmail.com,"(6.375113, -75.449558)"
5,Norte,5310,Gomez Plata,53100501501,E.S.E. HOSPITAL SANTA ISABEL,E.S.E. HOSPITAL SANTA ISABEL,"890,902,151",KR 52 # 48-47,862 82 00,gerencia@esehospitalsantaisabel.gov.co,"(6.679196, -75.221613)"
7,Oriente,5313,Granada,53130510901,ESE HOSPITAL PADRE CLEMENTE GIRALDO,ESE HOSPITAL PADRE CLEMENTE GIRALDO,"890,981,182",CL 21 # 25-02,8320102 8320742,granhs00@gmail.com,"(6.140427, -75.183778)"
5,Norte,5315,Guadalupe,53150458601,E.S.E. NUESTRA SEÑORA DE GUADALUPE,E.S.E. HOSPITAL NUESTRA SEÑORA DE GUADALUPE,"890,981,690",CL 50 # 51-12,5748616110,hospitalguadalupe@gmail.com,"(6.814711, -75.241542)"
7,Oriente,5318,Guarne,53180243601,E.S.E. NUETRA SEÑORA DE LA CANDELARIA,E.S.E. NUETRA SEÑORA DE LA CANDELARIA,"890,981,719",KR 52 # 52-177,(054)551 13 13 - 576 70 90,gerencia@hospitalguarne.com,"(6.281456, -75.445352)"
7,Oriente,5321,Guatapé,53210442901,E.S.E. HOSPITAL LA INMACULADA,E.S.E. HOSPITAL LA INMACULADA,"890,981,817",KR 23A # 31-35,8610800 - 3016242530 - 3122590939,gerencia@hospitalguatape.com,"(6.232029, -75.156559)"
6,Occidente,5347,Heliconia,53470219201,EMPRESA SOCIAL DEL ESTADO HOSPITAL SAN RAFAEL,EMPRESA SOCIAL DEL ESTADO HOSPITAL SAN RAFAEL,"890,981,074",CL 22 B No 20-21,5748549897,eseheliconia@gmail.com,"(6.208224, -75.732622)"
8,Suroeste,5353,Hispania,53530238101,ESE HOSPITAL SAN JUAN DEL SUROESTE,ESE HOSPITAL SAN JUAN DEL SUROESTE,"800,068,653",CL 50 # 46-47,3113798288,facturacionhospitalhispania@gmail.com,"(5.799986, -75.904745)"
1,Valle de Aburrá,5360,Itagüí,53600212101,E.S.E. HOSPITAL DEL SUR GABRIEL JARAMILLO PIEDRAHITA,E.S.E. HOSPITAL DEL SUR GABRIEL JARAMILLO PIEDRAHITA,"811,017,810",CL 33 # 50A-25 SAN PIO,054 3732626,CAD@HOSPITALDELSUR.GOV.CO,"(6.165313, -75.621337)"
1,Valle de Aburrá,5360,Itagüí,53600433901,E.S.E. HOSPITAL SAN RAFAEL DE ITAGUI,E.S.E. HOSPITAL SAN RAFAEL DE ITAGUI,"890,980,066",KR 51A # 45-51,4482224,gerencia@hsanrafael.gov.co,"(6.171281, -75.613242)"
5,Norte,5361,Ituango,53610450501,E.S.E.  HOSPITAL SAN JUAN DE DIOS DE ITUANGO,E.S.E.  HOSPITAL SAN JUAN DE DIOS DE ITUANGO,"890,980,840",KR QUINDIO #  25-54,5748643100,notificacioneshospitalituango@gmail.com,"(7.170186, -75.764535)"
8,Suroeste,5364,Jardín,53640476801,E.S.E HOSPITAL GABRIEL PELÁEZ MONTOYA,E.S.E HOSPITAL GABRIEL PELÁEZ MONTOYA,"890,980,732",CL 5 UNION # 1 24,5748455555,hospital@esehospitalgabrielpelaezmontoya.gov.co,"(5.602425, -75.821784)"
8,Suroeste,5368,Jericó,53680483301,NUEVA ESE HOSPITAL SAN RAFAEL JERICO,NUEVA ESE HOSPITAL SAN RAFAEL JERICO,"890,980,765",KR 5 # 9-157,60485231656,hospital@hospitalsanrafaeljerico.gov.co,"(5.789472, -75.787382)"
7,Oriente,5376,La Ceja,53760592601,E.S.E. HOSPITAL DE LA CEJA,ESE HOSPITAL DE LA CEJA,"890,980,758",CL 17 # 19-55,5745531444,hospitalceja@une.net.co,"(6.028307, -75.431319)"
1,Valle de Aburrá,5380,La Estrella,53800501601,E.S.E. HOSPITAL LA ESTRELLA,EMPRESA SOCIAL DEL ESTADO HOSPITAL LA ESTRELLA,"800,138,968",CL 83 A SUR N° 60 - 45,5743106070,infohospital@eselaestrella.gov.co,"(6.157163, -75.64302)"
8,Suroeste,5390,La Pintada,53900509001,EMPRESA SOCIAL DEL ESTADO HOSPITAL ANTONIO ROLDAN BETANCUR,EMPRESA SOCIAL DEL ESTADO HOSPITAL ANTONIO ROLDAN BETANCUR,"811,013,792",KR 30 # 30A - 45,5748454063,harbgerencia@gmail.com,"(5.740705, -75.606859)"
7,Oriente,5400,La Unión,54000242001,E.S.E. HOSPITAL SAN ROQUE  LA UNION,E.S.E. HOSPITAL SAN ROQUE,"890,980,866",CL 2 # 11-54,5745560619,hospitallaunion890@gmail.com,"(5.967984, -75.359452)"
6,Occidente,5411,Liborina,54110157901,EMPRESA SOCIAL DEL ESTADO HOSPITAL SAN LORENZO,EMPRESA SOCIAL DEL ESTADO HOSPITAL SAN LORENZO,"890,982,139",KR 13 # 6-21,5748561826,libohs01@edatel.net.co,"(6.676713, -75.814548)"
3,Magdalena Medio,5425,Maceo,54250510501,EMPRESA SOCIAL DEL ESTADO MARCO A. CARDONA,EMPRESA SOCIAL DEL ESTADO HOSPITAL  MARCO A. CARDONA,"890,906,966",KR 30 # 33-237,5748640283,archivo@hospitalmaceo.gov.co,"(6.556282, -74.788297)"
7,Oriente,5440,Marinilla,54400527301,E.S.E. SAN JUAN DE DIOS DE MARINILLA,E.S.E. SAN JUAN DE DIOS DE MARINILLA,"890,980,752",KR 36 # 28-85,5745484044,gerencia@hospitalmarinilla.com; gestiondocumental@hospitalmarinilla.com,"(6.174593, -75.33948)"
1,Valle de Aburrá,5001,Medellín,50010214401,EMPRESA SOCIAL DEL ESTADO HOSPITAL GENERAL DE MEDELLIN LUZ CASTRO DE GUTIERREZ,EMPRESA SOCIAL DEL ESTADO HOSPITAL GENERAL DE MEDELLIN LUZ CASTRO DE GUTIERREZ,"890,904,647",KR 48 # 32-102,3847302,gestioncalidad@hgm.gov.co,"(6.23477, -75.572848)"
1,Valle de Aburrá,5001,Medellín,50010608601,E.S.E. HOSPITAL LA MARIA,EMPRESA SOCIAL DEL ESTADO HOSPITAL LA MARIA,"890,905,177",CL 92EE # 67-61,4447192,calidad@lamaria.gov.co,"(6.28661, -75.574179)"
1,Valle de Aburrá,5001,Medellín,50010239301,ESE HOSPITAL CARISMA,ESE HOSPITAL CARISMA,"890,985,405",CARRERA 93 N 34 AA 01,6050233,dorganizacional@esecarisma.gov.co,"(6.242055, -75.618542)"
1,Valle de Aburrá,5001,Medellín,50010217801,EMPRESA SOCIAL DEL ESTADO METROSALUD,ESE METROSALUD,"800,058,016",KR 50 # 44 - 27  ED SACATIN,5745117505,gerencia@metrosalud.gov.co,"(6.244572, -75.56986)"
8,Suroeste,5467,Montebello,54670396201,E.S.E. HOSPITAL SAN ANTONIO DE MONTEBELLO,E.S.E. HOSPITAL SAN ANTONIO,"890,981,096",CL 18 # 18-85,5748480559,hospisanantonio@esemontebello.gov.co,"(5.948656, -75.52304)"
9,Urabá,5475,Murindó,54750502001,ESE HOSPITAL SAN BARTOLOMÉ,ESE HOSPITAL SAN BARTOLOMÉ,"800,165,050",CL 2 # 14 - 20,8575093,hospitalmurindo@hotmail.com,"(6.980954, -76.821213)"
9,Urabá,5480,Mutatá,54800491601,E.S.E. HOSPITAL LA ANUNCIACION,E.S.E. HOSPITAL LA ANUNCIACION,"890,981,268",KR 10 # 10-08,8578700 - 8578100,hospital@eselaanunciacion-mutata-antioquia.gov.co,"(7.247664, -76.439309)"
7,Oriente,5483,Nariño,54830592801,E.S.E. HOSPITAL SAN JOAQUIN,E.S.E. HOSPITAL SAN JOAQUIN,"890,981,652",Calle13 No 6-33,8680109 8680273 8680363,admonesesanjoaquin@gmail.com,"(5.609793, -75.174637)"
2,Bajo Cauca,5495,Nechí,54950491501,ESE HOSPITAL LA MISERICORDIA,ESE HOSPITAL LA MISERICORDIA,"800,138,011",CL LA MISERICORDIA,5748368053,gerencia@hospitalnechi.gov.co,"(8.092287, -74.781103)"
9,Urabá,5490,Necoclí,54900481101,E.S.E. HOSPITAL SAN SEBASTIAN DE URABA,E.S.E. HOSPITAL SAN SEBASTIAN DE URABÁ,"890,985,603",CL 50 # 36 - 37 KM 2 VIA TURBO,5748214546,neyderpupo@hospitalnecocli.gov.co,"(8.424319, -76.78393)"
6,Occidente,5501,Olaya,55010556901,ESE HOSPITAL SAN MIGUEL,ESE HOSPITAL SAN MIGUEL,"800,202,398",KR 10 # 10 - 34,8550359,siauhso@gmail.com,"(6.613513, -75.764862)"
6,Occidente,5543,Peque,55430629901,E.S.E. HOSPITAL SAN FRANCISCO,E.S.E. HOSPITAL SAN FRANCISCO,"890,983,675",KR BOLIVAR # 11-170,6048552045 - 6048552132,gerencia@hospitalpeque.gov.co; administracion@hospitalpeque.gov.co,"(7.022272, -75.908618)"
8,Suroeste,5576,Pueblorrico,55760592901,E.S.E. HOSPITAL SAN VICENTE DE PAUL DE PUEBLO RICO,E.S.E. HOSPITAL SAN VICENTE DE PAUL,"890,981,532",CL 32 #  26A-38,8498080-8498326-8499054,hospitalpueblorrico@gmail.com,"(5.793464, -75.838787)"
3,Magdalena Medio,5579,Puerto Berrio,55790607001,EMPRESA SOCIAL DEL ESTADO HOSPITAL LA CRUZ,E.S.E HOSPITAL LA CRUZ,"890,980,063",KR 7 # 48-03,5748332490,pberhs01@edatel.net.co,"(6.488732, -74.404202)"
3,Magdalena Medio,5585,Puerto Nare,55850472501,EMPRESA SOCIAL DEL ESTADO HOSPITAL OCTAVIO OLIVARES,EMPRESA SOCIAL DEL ESTADO HOSPITAL OCTAVIO OLIVARES,"890,985,810",KR 5 # 45-103,5748347208,pnarehoo@gmail.com - hoogerencia@gmail.com,"(6.18466, -74.583856)"
3,Magdalena Medio,5591,Puerto Triunfo,55910421901,ESE HOSPITAL LA PAZ,ESE HOSPITAL LA PAZ,"800,072,678",CL 14 # 10 - 25,5748352098,ptrihs01@edatel.net.co,"(5.872305, -74.64018)"
4,Nordeste,5604,Remedios,56040550901,EMPRESA SOCIAL DEL ESTADO HOSPITAL SAN VICENTE DE PAUL,EMPRESA SOCIAL DEL ESTADO HOSPITAL SAN VICENTE DE PAUL,"890,985,092",CL LAS PALMAS # 12 - 120,8303727 8303899 8303471,info@hsvpremedios.gov.co,"(7.07385, -74.697847)"
7,Oriente,5615,Rionegro,56150137601,E.S.E. HOSPITAL SAN JUAN DE DIOS,E.S.E. HOSPITAL SAN JUAN DE DIOS,"890,907,254",KR 48 # 56-59,945313700,eserionegro@hsjdeserionegro.com,"(6.158646, -75.371353)"
6,Occidente,5628,Sabanalarga,56280510701,E.S.E. HOSPITAL SAN PEDRO,E.S.E. HOSPITAL SAN PEDRO,"890,982,140",KR 17 # 15-94,6048554209,gerencia@hspsabanalarga.gov.co,"(6.84718, -75.816565)"
1,Valle de Aburrá,5631,Sabaneta,56310220601,E.S.E. HOSPITAL VENANCIO DIAZ DIAZ,E.S.E. HOSPITAL VENACIO DIAZ DIAZ,"800,123,106",KR 46B # 77 SUR 36,5742889701,gerencia@hospitalsabaneta.gov.co,"(6.148166, -75.621836)"
8,Suroeste,5642,Salgar,56420457601,E.S.E. HOSPITAL SAN JOSE,E.S.E. HOSPITAL SAN JOSE,"890,981,424",CL 32A # 33-04,5748442020,gerencia@hsjsalgar.gov.co,"(5.965121, -75.980536)"
5,Norte,5647,San Andrés de Cuerquia,56470217401,EMPRESA SOCIAL DEL ESTADO GUSTAVO GONZALEZ OCHOA,E.S.E GUSTAVO GONZALEZ OCHOA,"890,982,113",BRR EL CRUCERO,5748618101,hospital.sanandresdecuerquia@gmail.com,"(6.914669, -75.675287)"
7,Oriente,5649,San Carlos,56490398301,E.S.E. HOSPITAL SAN VICENTE DE PAUL SAN CARLOS,E.S.E. HOSPITAL SAN VICENTE DE PAUL,"890,981,561",CL 21 # 24-58,5748358794,gerencia@hsvpsancarlos.gov.co,"(6.187542, -74.996393)"
7,Oriente,5652,San Francisco,56520601601,EMPRESA SOCIAL DEL ESTADO HOSPITAL SAN FRANCISCO DE ASIS,EMPRESA SOCIAL DEL ESTADO HOSPITAL SAN FRANCISCO DE ASIS,"800,133,887",Carrera 10 No 9 -09,8323027,gerencia@esehospitaldesanfrancisco-antioquia.gov.co,"(5.964372, -75.100077)"
6,Occidente,5656,San Jerónimo,56560509201,E.S.E. HOSPITAL SAN LUIS BELTRAN,E.S.E. HOSPITAL SAN LUIS BELTRAN,"890,981,848",KR 10 # 23-08,8585997,gerencia@hospitaldesanjeronimo.gov.co,"(6.444441, -75.729146)"
5,Norte,5658,San José de la Montaña,56580559101,E.S.E. HOSPITAL LAUREANO PINO,E.S.E. HOSPITAL LAUREANO PINO,"890,984,427",KR 21 # 15-11,5748622663,"hospitallaureanopino@gmail.com, snmohs01@edatel.net.co,","(6.847521, -75.681767)"
9,Urabá,5659,San Juan de Urabá,56590215901,E.S.E. HOSPITAL HECTOR ABAD GOMEZ,E.S.E. HOSPITAL HECTOR ABAD GOMEZ,"800,143,438",KR 20 # 24-20,8212626- 8212627,contactenos@esehhagsanjuandeuraba-antioquia.gov.co,"(8.762896, -76.525698)"
7,Oriente,5660,San Luis,56600227701,E.S.E. HOSPITAL SAN RAFAEL DE SAN LUIS,E.S.E. HOSPITAL SAN RAFAEL DE SAN LUIS,"890,982,091",KR 19 #17-63,5748348505,gerencia@hospitaldesanluis.com.co,"(6.041148, -74.991914)"
5,Norte,5664,San Pedro de los Milagros,56640448101,E.S.E. HOSPITAL SANTA ISABEL,E.S.E. HOSPITAL SANTA ISABEL,"800,014,405",CL 43A #  52A-109,5748687610,hospital@esesantaisabel.gov.co,"(6.45668, -75.559802)"
9,Urabá,5665,San Pedro de Urabá,56650551401,E.S.E. HOSPITAL OSCAR EMIRO VERGARA CRUZ,E.S.E. HOSPITAL OSCAR EMIRO VERGARA CRUZ,"890,985,660",CL 54 # 47 - 102,5748205065,gerencia@esehoevc.gov.co,"(8.284117, -76.383648)"
7,Oriente,5667,San Rafael,56670151201,E.S.E. HOSPITAL PRESBITERO ALONSO MARIA GIRALDO,ESE HOSPITAL PBRO ALONSO MARIA GIRALDO,"891,982,128",KR 29 # 26-189,5748586612,gerencia@esepresbiteroalonso-sanrafael.gov.co,"(6.294397, -75.026343)"
4,Nordeste,5670,San Roque,56700581401,E.S.E. HOSPITAL MUNICIPAL SAN ROQUE,ESE HOSPITAL MUNICIPAL SAN ROQUE,"890,906,211",CL 25 # 18-30,5748656735,esehospitalsr@gmail.com,"(6.487918, -75.018205)"
7,Oriente,5674,San Vicente,56740479201,E S E HOSPITAL MUNICIPIO DE SAN VICENTE,E S E HOSPITAL MUNICIPIO DE SAN VICENTE,"890,983,738",AV CARVAJAL # 31-36,5748544100,snvihs01@edatel.net.co,"(6.282818, -75.332085)"
8,Suroeste,5679,Santa Bárbara,56790458201,EMPRESA SOCIAL DEL ESTADO HOSPITAL SANTAMARIA,EMPRESA SOCIAL DEL ESTADO HOSPITAL SANTAMARIA,"890,905,198",KR 50 # 45 90,5748463131,jorge.valencia@hospitalsantamaria.gov.co,"(5.87398, -75.565225)"
6,Occidente,5042,Santa Fé de Antioquia,50420547801,E.S.E. HOSPITAL SAN JUAN DE DIOS ANTIOQUIA,E.S.E. HOSPITAL SAN JUAN DE DIOS ANTIOQUIA,"890,982,264",CL 10 # 3-24,5748531020,info@esehospitalsantafedeantioquia.gov.co,"(6.553647, -75.823157)"
5,Norte,5686,Santa Rosa de Osos,56860464901,E.S.E. HOSPITAL SAN JUAN DE DIOS DE SANTA ROSA DE OSOS,E.S.E. HOSPITAL SAN JUAN DE DIOS DE SANTA ROSA DE OSOS,"890,981,298",KR 28 # 26A-34,5748609474,stlo01@edatel.com.co,"(6.646108, -75.461059)"
4,Nordeste,5690,Santo Domingo,56900483701,ESE HOSPITAL SAN RAFAEL DE SANTO DOMINGO,ESE HOSPITAL SAN RAFAEL,"890,906,560",KR 16 # 18 29,5748621155,stdohs01@edatel.net.co,"(6.474783, -75.162024)"
4,Nordeste,5736,Segovia,57360612501,E.S.E. HOSPITAL SAN JUAN DE DIOS,E.S.E. HOSPITAL SAN JUAN DE DIOS,"800,080,586",CAMPAMENTO LA SALADA,8317382 - 8315992,gerencia@hospitaldesegovia.gov.co,"(7.079003, -74.693899)"
7,Oriente,5756,Sonsón,57560239401,EMPRESA SOCIAL DEL ESTADO SAN JUAN DE DIOS,EMPRESA SOCIAL DEL ESTADO SAN JUAN DE DIOS,"890,980,003",CL 16 # 7 - 151,8695050,institucional@hospitalsonson.gov.co,"(5.716899, -75.309005)"
6,Occidente,5761,Sopetrán,57610561201,EMPRESA SOCIAL DEL ESTADO HORACIO MUÑOZ SUESCUN,EMPRESA SOCIAL DEL ESTADO HORACIO MUÑOZ SUESCUN,"890,982,184",CL BENJAMIN HERRERA # 11 - 53,5748541555,gerencia@hospitalsopetranantioquia.gov.co,"(6.500707, -75.743845)"
8,Suroeste,5789,Támesis,57890457901,EMPRESA SOCIAL DEL ESTADO HOSPITAL SAN JUAN DE DIOS,E.S.E HOSPITAL SAN JUAN DE DIOS,"890,980,855",KR 10 # 13 - 52,5748494802,hospital@tamesis-antioquia.gov.co,"(5.664982, -75.713031)"
2,Bajo Cauca,5790,Tarazá,57900551301,E.S.E. HOSPITAL SAN ANTONIO,E.S.E. HOSPITAL SAN ANTONIO,"890,984,696",CL 26 # 32-1311,5748365616,gerenciahospitaltaraza@gmail.com; calidadhospitaltaraza@gmail.com,"(7.579264, -75.399406)"
8,Suroeste,5792,Tarso,57920458701,EMPRESA SOCIAL DEL ESTADO HOSPITAL SAN PABLO,E.S.E SAN PABLO,"890,982,182",KR 18 # 21 - 02,5748458606,hospitaltarso@gmail.com,"(5.865957, -75.820945)"
8,Suroeste,5809,Titiribí,58090434901,ESE HOSPITAL SAN JUAN DE DIOS,ESE HOSPITAL SAN JUAN DE DIOS,"890,980,346",Kr Bolivar 18-55,(4) 848 27 40,hospitaltitiribi@hotmail.com,"(6.062678, -75.791556)"
5,Norte,5819,Toledo,58190612301,E.S.E. HOSPITAL PEDRO CLAVER AGUIRRE,EMPRESA SOCIAL DEL ESTADO HOSPITAL PEDRO CLAVER AGUIRRE Y,"800,139,704",CALLE 11 NUMERO 09-07,8619061,gerenciahpca@gmail.com,"(7.011666, -75.691509)"
9,Urabá,5837,Turbo,58370228701,EMPRESA SOCIAL DEL ESTADO HOSPITAL FRANCISCO VALDERRAMA,EMPRESA SOCIAL DEL ESTADO HOSPITAL FRANCISCO VALDERRAMA,"890,981,137",KM 1 SALIDA TURBO - APARTADO,5748272088,turbhs01@edatel.net.co,"(8.094491, -76.714541)"
6,Occidente,5842,Uramita,58420643101,EMPRESA SOCIAL DEL ESTADO HOSPITAL TOBIAS PUERTA,EMPRESA SOCIAL DEL ESTADO HOSPITAL TOBIAS PUERTA,"800,065,395",CL 20  # 22 170  BRR EL TOTUMO,5748574048,uramhs01@edatel.net.co,"(6.902526, -76.174049)"
8,Suroeste,5847,Urrao,58470483901,EMPRESA SOCIAL DEL ESTADO IVAN RESTREPO GOMEZ,ESE HOSPITAL IVAN RESTREPO GOMEZ,"890,980,971",KR 32 # 23-61,8503898,gerencia@hospitalurrao.gov.co,"(6.311033, -76.132915)"
5,Norte,5854,Valdivia,58540457701,EMPRESA SOCIAL DEL ESTADO HOSPITAL SAN JAUN DE DIOS VALDIVIA,E.S.E HOSPITAL SAN JUAN DE DIOS DE VALDIVIA,"891,982,129",KR 8 # 7 - 18,5748360218,esevaldivia@gmail.com,"(7.289894, -75.392647)"
8,Suroeste,5856,Valparaiso,58560238201,E.S.E. HOSPITAL SAN JUAN DE DIOS,E.S.E. HOSPITAL SAN JUAN DE DIOS,"890,980,828",CRA 12 NRO 6-31,8493854,admonesevalparaiso@gmail.com,"(5.614395, -75.624261)"
4,Nordeste,5858,Vegachí,58580629401,E.S.E. HOSPITAL SAN CAMILO DE LELIS,E.S.E. HOSPITAL SAN CAMILO DE LELIS,"800,114,286",CALLE 49 # 40 - 209,8305122/ 8305698/8305474 3103709160,gerenciahospitalvegachi@gmail.com,"(6.762892, -74.788828)"
8,Suroeste,5861,Venecia,58610145201,E.S.E.  HOSPITAL SAN RAFAEL DE VENECIA,ESE HOSPITAL SAN RAFAEL DE VENECIA,"890,980,367",CL 52 # 50-82,5748490313,cad@hospitalvenecia.gov.co,"(5.965161, -75.735084)"
9,Urabá,5873,Vigia del Fuerte,58730436301,EMPRESA SOCIAL DEL ESTADO HOSPITAL ATRATO MEDIO ANTIOQUEÑO,E.S.E HOSPITAL ATRATO MEDIO ANTIOQUEÑO,"811,020,943",CRA 1°#20A-66 BARRIO PUERTO CARIBE,5748678151,esehama@esehama-vigiadelfuerte-antioquia.gov.co,"(6.589922, -76.879578)"
4,Nordeste,5885,Yalí,58850211201,E.S.E. HOSPITAL LA MISERICORDIA,E.S.E. HOSPITAL LA MISERICORDIA,"890,982,162",CL 18 # 23-24,5748675655,yalihs01@edatel.net.co,"(6.673346, -74.842429)"
5,Norte,5887,Yarumal,58870228401,E.S.E. HOSPITAL SAN JUAN DE DIOS YARUMAL,E.S.E. HOSPITAL SAN JUAN DE DIOS YARUMAL,"890,981,726",KR 23 # 12 - 13,094 8 53 73 73,cuentasmedicas@hospitalyarumal.gov.co,"(6.957323, -75.414931)"
4,Nordeste,5890,Yolombó,58900243101,EMPRESA SOCIAL DEL ESTADO HOSPITAL SAN RAFAEL DE YOLOMBO,EMPRESA SOCIAL DEL ESTADO HOSPITAL SAN RAFAEL DE YOLOMBO,"890,981,536",KR 24 # 13 - 466,5748654859,esehospitalyolombo@gmail.com,"(6.597681, -75.017438)"
3,Magdalena Medio,5893,Yondó,58930322701,ESE HOSPITAL HECTOR ABAD GOMEZ,ESE HOSPITAL HECTOR ABAD GOMEZ,"800,014,884",KR 58 # 47B-50,5748325050,esehectorabadgomez@hospitalyondo.gov.co,"(7.005532, -73.914267)"
2,Bajo Cauca,5895,Zaragoza,58950588401,ESE HOSPITAL SAN RAFAEL,ESE HOSPITAL SAN RAFAEL,"890,981,117",Brr San Gregorio Diagonal Urbanización Miraflores,5748389044,zarahs01@edatel.net.co,"(7.491112, -74.868221)"
